Scenario,λ*,Failure Reason,Failure λ,Final V_min (p.u.),Final V_max (p.u.),Final ρ_max (%),Overloaded Lines,Undervoltage Buses
N-1_line_58,1.0,Thermal limits violated,1.0,0.9978572726249695,1.0007648468017578,119.38583850860596,1,0
N-1_line_55,1.0,Voltage limits violated,1.0,0.990558385848999,1.116992712020874,119.8949933052063,0,0
N-1_line_23,1.1800000000000002,Thermal limits violated,1.1900000000000002,0.9910194277763367,1.0018835067749023,100.82870721817017,1,0
N-1_line_22,1.2100000000000002,Thermal limits violated,1.2200000000000002,0.9842473864555359,1.0020779371261597,100.56650638580322,1,0
N-1_line_39,1.2800000000000002,Thermal limits violated,1.2900000000000003,0.9965417981147766,1.0016642808914185,100.11107921600342,1,0
base_case,1.5000000000000004,Max λ reached,,0.9887539744377136,1.0038447380065918,96.68197631835938,0,0
