{
  "network": "IEEE 14",
  "n_lines": 20,
  "spectral_radius": 12.101544434957617,
  "condition_number": 20.919484966414625,
  "monotonicity_bound": 0.2874614421915744,
  "n_negative_eigenvalues": 0,
  "risk_level": "MEDIUM",
  "risk_score": 0.4,
  "eigenvalues_top10": [
    12.101544434957617,
    7.111897182408593,
    3.1727082694315203,
    2.8969735711585396,
    1.7964241449145266,
    1.367515105092311,
    1.1702322810368344,
    1.0372385680067149,
    1.0177029982045285,
    1.013763399614182
  ]
}